geoid,date,value
0618,2009-03-05,1
1000,2009-03-05,1
4600,2009-03-05,1
0619,2009-03-05,1
4705,2009-03-05,1
7800,2009-03-05,1
6600,2009-03-05,1
0501,2009-03-05,1
5000,2009-03-05,1
1223,2009-03-05,1
0636,2009-03-05,1
2908,2009-03-05,1
3620,2009-01-14,1
4219,2009-10-29,1
5106,2009-10-29,1
1713,2009-10-29,1
3912,2009-10-29,1
1718,2009-10-29,1
3626,2009-10-29,1
3407,2009-10-29,1
3411,2009-10-29,1
0645,2009-10-29,1
1207,2009-10-29,1
5402,2009-10-29,1
4826,2009-10-29,1
1710,2009-10-29,1
1205,2009-01-06,1
1713,2009-01-06,1
0611,2009-06-04,1
3502,2009-06-04,1
3711,2009-06-04,1
0200,2009-06-04,1
5301,2009-06-04,1
4004,2009-06-04,1
0645,2009-06-04,1
0627,2009-06-04,1
4002,2009-06-04,1
0401,2009-06-04,1
4904,2009-06-04,1
1601,2009-06-04,1
5403,2009-06-04,1
0803,2009-06-04,1
0638,2009-06-04,1
0637,2009-06-04,1
2302,2009-06-04,1
3406,2009-06-04,1
5508,2009-06-04,1
3503,2009-06-04,1
1709,2009-06-04,1
0643,2009-06-04,1
6600,2009-06-04,1
7800,2009-06-04,1
0403,2009-06-04,1
1717,2009-06-04,1
3501,2009-06-04,1
2605,2009-06-04,1
2704,2009-06-04,1
5307,2009-06-04,1
2607,2009-06-04,1
0619,2010-04-15,1
3913,2010-04-15,1
1313,2010-04-15,1
4207,2010-04-15,1
3301,2010-04-15,1
2904,2010-04-15,1
3625,2010-04-15,1
0633,2010-04-15,1
3409,2010-04-15,1
4823,2010-04-15,1
2301,2010-04-15,1
2508,2010-04-15,1
1308,2010-04-15,1
2704,2010-04-15,1
5307,2010-04-15,1
2302,2010-04-15,1
2003,2010-04-15,1
0407,2010-04-15,1
2707,2010-04-15,1
2502,2010-04-15,1
4218,2010-04-15,1
1903,2010-04-15,1
0804,2010-04-15,1
3709,2010-04-15,1
2607,2010-04-15,1
1718,2010-04-15,1
0502,2010-04-15,1
2606,2010-04-15,1
4001,2010-04-15,1
1809,2010-04-15,1
2906,2010-04-15,1
1808,2010-04-15,1
4219,2010-04-15,1
3620,2010-04-15,1
4704,2010-04-15,1
5309,2010-04-15,1
2406,2010-04-15,1
0632,2010-04-15,1
0627,2010-04-15,1
4212,2010-04-15,1
2504,2010-04-15,1
5508,2010-04-15,1
3624,2010-04-15,1
0609,2010-04-15,1
0905,2010-04-15,1
3913,2010-04-15,1
3401,2010-04-15,1
5502,2010-04-15,1
4103,2010-04-15,1
0636,2010-04-15,1
4829,2010-04-15,1
0618,2010-04-15,1
3610,2010-04-15,1
5109,2010-04-15,1
1901,2010-04-15,1
0624,2010-04-15,1
4828,2010-04-15,1
4203,2010-04-15,1
0801,2010-04-15,1
3616,2010-04-15,1
3701,2010-04-15,1
2507,2010-04-15,1
2901,2010-04-15,1
3603,2010-04-15,1
1702,2010-04-15,1
4818,2010-04-15,1
4830,2010-04-15,1
4401,2010-04-15,1
2605,2010-04-15,1
4402,2010-04-15,1
0613,2010-04-15,1
3412,2010-04-15,1
3302,2010-04-15,1
1220,2010-04-15,1
4709,2010-04-15,1
4705,2010-04-15,1
0902,2010-04-15,1
0903,2010-04-15,1
3911,2010-04-15,1
4820,2010-04-15,1
0403,2010-04-15,1
1717,2010-04-15,1
1902,2010-04-15,1
0611,2009-07-14,1
2605,2009-07-14,1
0643,2009-07-14,1
3401,2009-07-14,1
0613,2009-07-14,1
2612,2009-07-14,1
3406,2009-07-14,1
0633,2009-07-14,1
3613,2009-07-14,1
3612,2009-07-14,1
3607,2009-06-23,1
0613,2009-06-23,1
2704,2009-06-23,1
5504,2009-06-23,1
5108,2009-06-23,1
3610,2009-06-23,1
0407,2009-06-23,1
3615,2009-06-23,1
3408,2009-06-23,1
0614,2009-06-23,1
3603,2009-06-23,1
0617,2009-06-23,1
3412,2009-06-23,1
0633,2009-06-23,1
0630,2009-06-23,1
0613,2009-06-23,1
1223,2009-06-23,1
5502,2009-06-23,1
4201,2009-06-23,1
7800,2009-06-23,1
0653,2009-06-23,1
0403,2009-06-23,1
1220,2009-06-23,1
4101,2009-06-23,1
4505,2010-03-17,1
0611,2009-10-29,1
3613,2009-10-29,1
0633,2009-10-29,1
3406,2009-10-29,1
2612,2009-10-29,1
0613,2009-10-29,1
3401,2009-10-29,1
0611,2009-02-09,1
1305,2009-02-09,1
1902,2009-02-09,1
3604,2009-02-09,1
0802,2009-02-09,1
5103,2009-02-09,1
4207,2009-02-09,1
0606,2009-02-09,1
2502,2009-02-09,1
3605,2009-02-09,1
3620,2009-02-09,1
3910,2009-02-09,1
2605,2009-02-09,1
0617,2009-02-09,1
4815,2009-02-09,1
3401,2009-02-09,1
3601,2009-02-09,1
1707,2009-02-09,1
0903,2009-02-09,1
3911,2009-02-09,1
0403,2009-02-09,1
1717,2009-02-09,1
1502,2009-02-09,1
3412,2009-02-09,1
5000,2009-01-13,1
0609,2009-01-13,1
3613,2009-01-13,1
0606,2009-01-13,1
3629,2009-01-13,1
2505,2009-01-13,1
3624,2009-01-13,1
3503,2009-01-13,1
3915,2009-01-13,1
5508,2009-01-13,1
0905,2009-01-13,1
3409,2009-01-13,1
3609,2009-01-13,1
1223,2009-01-13,1
2503,2009-01-13,1
3913,2009-01-13,1
2601,2009-01-13,1
0613,2009-01-13,1
3918,2009-01-13,1
0630,2009-01-13,1
1709,2009-01-13,1
1304,2009-01-13,1
4815,2009-01-13,1
1214,2009-01-13,1
0624,2009-01-13,1
1901,2009-01-13,1
5109,2009-01-13,1
1312,2009-01-13,1
1501,2009-01-13,1
3406,2009-01-13,1
0633,2009-01-13,1
3610,2009-01-13,1
5111,2009-01-13,1
4828,2009-01-13,1
0636,2009-01-13,1
4829,2009-01-13,1
1711,2009-01-13,1
0618,2009-01-13,1
3616,2009-01-13,1
4817,2009-01-13,1
2612,2009-01-13,1
0801,2009-01-13,1
4203,2009-01-13,1
3613,2009-01-13,1
4401,2010-04-14,1
0617,2009-01-26,1
5307,2009-01-26,1
5504,2009-01-26,1
4212,2009-01-26,1
3610,2009-01-26,1
2501,2009-01-26,1
0407,2009-01-26,1
3410,2009-01-26,1
2301,2009-01-26,1
3612,2009-01-26,1
0619,2009-01-26,1
1702,2009-01-26,1
4818,2009-01-26,1
3909,2009-01-26,1
4401,2009-01-26,1
2605,2009-01-26,1
3910,2009-01-26,1
0613,2009-01-26,1
1305,2009-01-26,1
1902,2009-01-26,1
0802,2009-01-26,1
0640,2009-01-26,1
1701,2009-01-26,1
2613,2009-01-26,1
2502,2009-01-26,1
3605,2009-01-26,1
3620,2009-01-26,1
0632,2009-01-26,1
0627,2009-01-26,1
2510,2009-01-26,1
5403,2009-01-26,1
1302,2009-01-26,1
2103,2009-01-26,1
3913,2009-01-26,1
5103,2009-01-26,1
3615,2009-01-26,1
2802,2009-01-26,1
2506,2009-01-26,1
0643,2009-01-26,1
0633,2009-01-26,1
1219,2009-01-26,1
0606,2009-01-26,1
2510,2009-01-26,1
2504,2009-01-26,1
5000,2009-01-26,1
0643,2009-01-26,1
5502,2009-01-26,1
0634,2009-01-26,1
0628,2009-01-26,1
4201,2009-01-26,1
1205,2009-01-26,1
2507,2009-01-26,1
7800,2009-01-26,1
3609,2009-01-26,1
1709,2009-01-26,1
0611,2009-01-26,1
3610,2009-01-26,1
3607,2009-01-26,1
1501,2009-01-26,1
3616,2009-01-26,1
1304,2009-01-26,1
3503,2009-01-26,1
2505,2009-01-26,1
3629,2009-01-26,1
3609,2009-01-26,1
2901,2009-01-26,1
2905,2009-01-26,1
0651,2009-01-26,1
3911,2009-01-26,1
4809,2009-01-26,1
0403,2009-01-26,1
1704,2009-01-26,1
1717,2009-01-26,1
1220,2009-01-26,1
3622,2009-01-26,1
1502,2009-01-26,1
4202,2009-01-26,1
0620,2009-01-26,1
4709,2009-01-26,1
2613,2009-01-26,1
1712,2009-01-26,1
2407,2009-01-26,1
1707,2009-01-26,1
5306,2009-01-26,1
4214,2009-01-26,1
2404,2009-01-26,1
2705,2009-01-26,1
3412,2009-01-26,1
4218,2012-06-27,1
0650,2012-06-27,1
0645,2012-06-27,1
1808,2012-06-27,1
4826,2012-06-27,1
2206,2012-06-27,1
5111,2012-06-27,1
4104,2012-06-27,1
4215,2012-06-27,1
4206,2012-06-27,1
2906,2012-06-27,1
4829,2012-06-27,1
0403,2012-06-27,1
2102,2012-06-27,1
3708,2012-06-27,1
1902,2012-06-27,1
0619,2012-06-27,1
4210,2012-06-27,1
4904,2012-06-27,1
0905,2012-06-27,1
3709,2012-06-27,1
4219,2012-06-27,1
1705,2012-06-27,1
4701,2012-06-27,1
3913,2012-06-27,1
3404,2012-06-27,1
4001,2012-06-27,1
3912,2012-06-27,1
2506,2012-06-27,1
2613,2011-02-11,1
0643,2011-02-11,1
5502,2011-02-11,1
0637,2011-02-11,1
0634,2011-02-11,1
1205,2011-02-11,1
3701,2011-02-11,1
2507,2011-02-11,1
7800,2011-02-11,1
0627,2011-02-11,1
2613,2011-02-11,1
3609,2011-02-11,1
2901,2011-02-11,1
2905,2011-02-11,1
4709,2011-02-11,1
2407,2011-02-11,1
1707,2011-02-11,1
5306,2011-02-11,1
4214,2011-02-11,1
2404,2011-02-11,1
2705,2011-02-11,1
3616,2011-02-11,1
6000,2011-02-11,1
0620,2011-02-11,1
4202,2011-02-11,1
0651,2011-02-11,1
2504,2011-02-11,1
3911,2011-02-11,1
4809,2011-02-11,1
0403,2011-02-11,1
1704,2011-02-11,1
0644,2011-02-11,1
1220,2011-02-11,1
3622,2011-02-11,1
3412,2011-02-11,1
0617,2011-02-11,1
4818,2011-02-11,1
1702,2011-02-11,1
4830,2011-02-11,1
1304,2011-02-11,1
3909,2011-02-11,1
3910,2011-02-11,1
0613,2011-02-11,1
1305,2011-02-11,1
0619,2011-02-11,1
3617,2011-02-11,1
3612,2011-02-11,1
5307,2011-02-11,1
2502,2011-02-11,1
3605,2011-02-11,1
0611,2011-02-11,1
5504,2011-02-11,1
3610,2011-02-11,1
0632,2011-02-11,1
2501,2011-02-11,1
0407,2011-02-11,1
3410,2011-02-11,1
2301,2011-02-11,1
3613,2011-02-11,1
0637,2011-02-11,1
0640,2011-02-11,1
1701,2011-02-11,1
3913,2011-02-11,1
1709,2011-02-11,1
5103,2011-02-11,1
3615,2011-02-11,1
0107,2011-02-11,1
0613,2011-02-11,1
2802,2011-02-11,1
3620,2011-02-11,1
3610,2011-02-11,1
0643,2011-02-11,1
3609,2011-02-11,1
5000,2011-02-11,1
1224,2011-02-11,1
0606,2011-02-11,1
2103,2011-02-11,1
3620,2011-10-11,1
2001,2011-10-11,1
0611,2011-10-06,1
1214,2011-10-06,1
0627,2011-10-06,1
0403,2011-10-06,1
3412,2011-10-06,1
3909,2011-10-06,1
3910,2011-10-06,1
0613,2011-10-06,1
1305,2011-10-06,1
1902,2011-10-06,1
3604,2011-10-06,1
0632,2011-10-06,1
0802,2011-10-06,1
3409,2011-10-06,1
1701,2011-10-06,1
0628,2011-10-06,1
5103,2011-10-06,1
0613,2011-10-06,1
2503,2011-10-06,1
0606,2011-10-06,1
2103,2011-10-06,1
0606,2012-06-21,1
0624,2012-06-21,1
4401,2012-06-21,1
2901,2012-06-21,1
0902,2012-06-21,1
3616,2012-06-21,1
1902,2012-06-21,1
2613,2013-02-13,1
3903,2013-02-13,1
4201,2013-02-13,1
2507,2013-02-13,1
4217,2013-02-13,1
7800,2013-02-13,1
0627,2013-02-13,1
2505,2013-02-13,1
3609,2013-02-13,1
2901,2013-02-13,1
4506,2013-02-13,1
4709,2013-02-13,1
2407,2013-02-13,1
1707,2013-02-13,1
4214,2013-02-13,1
2404,2013-02-13,1
2705,2013-02-13,1
3616,2013-02-13,1
0620,2013-02-13,1
4202,2013-02-13,1
4809,2013-02-13,1
0403,2013-02-13,1
1704,2013-02-13,1
0644,2013-02-13,1
1220,2013-02-13,1
3412,2013-02-13,1
0617,2013-02-13,1
0602,2013-02-13,1
4818,2013-02-13,1
3608,2013-02-13,1
4830,2013-02-13,1
1304,2013-02-13,1
3909,2013-02-13,1
0613,2013-02-13,1
1305,2013-02-13,1
0619,2013-02-13,1
0647,2013-02-13,1
3612,2013-02-13,1
2704,2013-02-13,1
5307,2013-02-13,1
2502,2013-02-13,1
0611,2013-02-13,1
5504,2013-02-13,1
3610,2013-02-13,1
0632,2013-02-13,1
0635,2013-02-13,1
2708,2013-02-13,1
2301,2013-02-13,1
5502,2013-02-13,1
3613,2013-02-13,1
0640,2013-02-13,1
1701,2013-02-13,1
3913,2013-02-13,1
0638,2013-02-13,1
0646,2013-02-13,1
1709,2013-02-13,1
5103,2013-02-13,1
3615,2013-02-13,1
0641,2013-02-13,1
3620,2013-02-13,1
5000,2013-02-13,1
1224,2013-02-13,1
2103,2013-02-13,1
4105,2013-05-16,1
0402,2013-05-16,1
4103,2013-05-16,1
0629,2013-05-16,1
4004,2013-05-16,1
2705,2013-05-16,1
6000,2013-05-16,1
0403,2013-05-16,1
0617,2013-05-16,1
0602,2013-05-16,1
4830,2013-05-16,1
0401,2013-05-16,1
0619,2013-05-16,1
3503,2013-05-16,1
2704,2013-05-16,1
5307,2013-05-16,1
2302,2013-05-16,1
5504,2013-05-16,1
5108,2013-05-16,1
0632,2013-05-16,1
2707,2013-05-16,1
5502,2013-05-16,1
3613,2013-05-16,1
3625,2013-05-16,1
2001,2014-05-20,1
4218,2013-08-01,1
0402,2013-08-01,1
4211,2013-08-01,1
3601,2013-08-01,1
4103,2013-08-01,1
6600,2013-08-01,1
0626,2013-08-01,1
1808,2013-08-01,1
4826,2013-08-01,1
2206,2013-08-01,1
7800,2013-08-01,1
5111,2013-08-01,1
4104,2013-08-01,1
2406,2013-08-01,1
4215,2013-08-01,1
4704,2013-08-01,1
4214,2013-08-01,1
1712,2013-08-01,1
2906,2013-08-01,1
4829,2013-08-01,1
0502,2013-08-01,1
2102,2013-08-01,1
1501,2013-08-01,1
0617,2013-08-01,1
3906,2013-08-01,1
1304,2013-08-01,1
3914,2013-08-01,1
2605,2013-08-01,1
0401,2013-08-01,1
2702,2013-08-01,1
1903,2013-08-01,1
1305,2013-08-01,1
1902,2013-08-01,1
0619,2013-08-01,1
0647,2013-08-01,1
4210,2013-08-01,1
5401,2013-08-01,1
3606,2013-08-01,1
2302,2013-08-01,1
5108,2013-08-01,1
0407,2013-08-01,1
0652,2013-08-01,1
2707,2013-08-01,1
5502,2013-08-01,1
0802,2013-08-01,1
1705,2013-08-01,1
5403,2013-08-01,1
4701,2013-08-01,1
2402,2013-08-01,1
3913,2013-08-01,1
4213,2013-08-01,1
1313,2013-08-01,1
3301,2013-08-01,1
3915,2013-08-01,1
3912,2013-08-01,1
2506,2013-08-01,1
2503,2013-08-01,1
1801,2013-08-01,1
0200,2013-08-01,1
5401,2013-04-18,1
3909,2013-04-18,1
3619,2013-12-05,1
4103,2013-12-05,1
0626,2013-12-05,1
5111,2013-12-05,1
4835,2013-12-05,1
0618,2013-12-05,1
3101,2013-12-05,1
4823,2013-12-05,1
0602,2013-12-05,1
0613,2013-12-05,1
0619,2013-12-05,1
0647,2013-12-05,1
0606,2013-12-05,1
2302,2013-12-05,1
0632,2013-12-05,1
0635,2013-12-05,1
2301,2013-12-05,1
5403,2013-12-05,1
3613,2013-12-05,1
0636,2013-12-05,1
1709,2013-12-05,1
0628,2013-12-05,1
3301,2013-12-05,1
0605,2013-12-05,1
3501,2014-02-10,1
3202,2014-02-10,1
2001,2014-02-10,1
0905,2014-02-27,1
4216,2014-03-26,1
0611,2013-05-15,1
0607,2013-05-15,1
1214,2013-05-15,1
0627,2013-05-15,1
4709,2013-05-15,1
1707,2013-05-15,1
0653,2013-05-15,1
0903,2013-05-15,1
0403,2013-05-15,1
4815,2013-05-15,1
3412,2013-05-15,1
0617,2013-05-15,1
4818,2013-05-15,1
3909,2013-05-15,1
0613,2013-05-15,1
1305,2013-05-15,1
1902,2013-05-15,1
3604,2013-05-15,1
5307,2013-05-15,1
2502,2013-05-15,1
3605,2013-05-15,1
0632,2013-05-15,1
0802,2013-05-15,1
6900,2013-05-15,1
0628,2013-05-15,1
5103,2013-05-15,1
0641,2013-05-15,1
2506,2013-05-15,1
3620,2013-05-15,1
2503,2013-05-15,1
1224,2013-05-15,1
2103,2013-05-15,1
5401,2015-02-10,1
3909,2015-02-10,1
0407,2015-11-16,1
0401,2015-11-16,1
2301,2015-11-16,1
0617,2015-11-16,1
0905,2015-11-16,1
5502,2016-03-07,1
3406,2016-01-28,1
1902,2016-01-28,1
3620,2016-01-28,1
3609,2016-01-28,1
3503,2016-01-28,1
3102,2016-01-28,1
0606,2016-01-28,1
2504,2016-01-28,1
2103,2016-01-28,1
1209,2016-01-28,1
4830,2016-01-28,1
3410,2016-01-28,1
1221,2016-01-28,1
3616,2016-01-28,1
0641,2016-01-28,1
1709,2016-01-28,1
0629,2016-01-28,1
0611,2016-01-28,1
0801,2016-01-28,1
4103,2016-01-28,1
5000,2016-01-28,1
5306,2016-01-28,1
2301,2016-01-28,1
5504,2016-01-28,1
0624,2016-01-28,1
3613,2016-01-28,1
0615,2016-01-28,1
2609,2016-01-28,1
1220,2016-01-28,1
3909,2016-01-28,1
3412,2016-01-28,1
4214,2016-01-28,1
3620,2016-01-07,1
2504,2015-12-16,1
3620,2015-12-16,1
0606,2015-12-16,1
3609,2015-12-16,1
1214,2015-12-16,1
5108,2015-12-16,1
0618,2015-12-16,1
3503,2015-12-16,1
3616,2015-12-16,1
0624,2015-12-16,1
4201,2015-12-16,1
1709,2015-12-16,1
0503,2016-05-11,1
3202,2016-05-11,1
1502,2016-05-11,1
5502,2016-05-11,1
2001,2016-05-11,1
2907,2016-05-11,1
3501,2016-05-11,1
0905,2016-05-11,1
1802,2016-05-11,1
5402,2016-05-11,1
1710,2016-05-11,1
5502,2016-02-22,1
3620,2015-07-22,1
0626,2015-04-22,1
0636,2015-04-22,1
0641,2015-04-22,1
1205,2015-04-22,1
3201,2015-04-22,1
2701,2015-04-22,1
0609,2015-04-22,1
3302,2015-04-22,1
3604,2015-04-22,1
4816,2015-04-22,1
6600,2015-04-22,1
3613,2015-04-22,1
2614,2015-04-22,1
3626,2015-04-22,1
0617,2015-04-22,1
1502,2015-04-22,1
3603,2015-04-22,1
0619,2015-04-22,1
3617,2015-04-22,1
0652,2015-04-22,1
4402,2015-04-22,1
5000,2015-04-22,1
4709,2015-04-22,1
2505,2015-04-22,1
4104,2015-04-22,1
0632,2015-04-22,1
2609,2015-04-22,1
0627,2015-04-22,1
0646,2015-04-22,1
0611,2015-04-22,1
3503,2015-04-22,1
4218,2015-06-04,1
4830,2015-06-04,1
1216,2015-06-04,1
1221,2015-06-04,1
1212,2015-06-04,1
1710,2015-06-04,1
3301,2015-06-04,1
0645,2015-06-04,1
4213,2015-06-04,1
3702,2015-06-04,1
0610,2015-06-04,1
0651,2015-06-04,1
2610,2015-06-04,1
1220,2015-06-04,1
0642,2015-06-04,1
0622,2015-06-04,1
0650,2015-06-04,1
4103,2015-06-04,1
3708,2015-06-04,1
5111,2015-06-04,1
3624,2015-06-04,1
5401,2015-06-04,1
4815,2015-06-04,1
3101,2015-06-04,1
2102,2015-06-04,1
4702,2015-06-04,1
3407,2015-06-04,1
3613,2015-06-04,1
3902,2015-06-04,1
2101,2015-06-04,1
2106,2015-06-04,1
2611,2015-06-04,1
1210,2015-06-04,1
1301,2015-06-04,1
3622,2015-06-04,1
3202,2015-06-04,1
0501,2015-06-04,1
4502,2015-06-04,1
3608,2015-06-04,1
0637,2015-06-04,1
1701,2015-06-04,1
4701,2015-06-04,1
2707,2015-06-04,1
4211,2015-06-04,1
2701,2015-06-04,1
2802,2015-06-04,1
1205,2015-06-04,1
3914,2015-06-04,1
0647,2015-06-04,1
4002,2015-06-04,1
0607,2015-06-04,1
0601,2015-06-04,1
3627,2015-06-04,1
4706,2015-06-04,1
4703,2015-06-04,1
4214,2015-06-04,1
3909,2015-06-04,1
4822,2015-06-04,1
4831,2015-06-04,1
4828,2015-06-04,1
1706,2015-06-04,1
1808,2015-06-04,1
1805,2015-06-04,1
5507,2015-06-04,1
5505,2015-06-04,1
4205,2015-06-04,1
3906,2015-06-04,1
0408,2015-06-04,1
0627,2015-06-04,1
2614,2015-06-04,1
3619,2015-06-04,1
7800,2015-06-04,1
2708,2015-06-04,1
0405,2015-06-04,1
0806,2015-06-04,1
2703,2015-06-04,1
4203,2015-06-04,1
4209,2015-06-04,1
4206,2015-06-04,1
4208,2015-06-04,1
4215,2015-06-04,1
2601,2015-06-04,1
3201,2015-06-04,1
0102,2015-06-04,1
1806,2015-06-04,1
3910,2015-06-04,1
2203,2015-06-04,1
4600,2015-06-04,1
5600,2015-06-04,1
2904,2015-06-04,1
1207,2015-06-04,1
4004,2015-06-04,1
4003,2015-06-04,1
1716,2015-06-04,1
2401,2015-06-04,1
3915,2015-06-04,1
3404,2015-06-04,1
4212,2015-06-04,1
1802,2015-06-04,1
5310,2015-06-04,1
0633,2015-06-04,1
0652,2015-06-04,1
2608,2015-06-04,1
0101,2015-06-04,1
4816,2015-06-04,1
1713,2015-06-04,1
1705,2015-06-04,1
0618,2015-06-04,1
3623,2015-06-04,1
2602,2015-06-04,1
0615,2015-06-04,1
0613,2015-06-04,1
5110,2015-06-04,1
2907,2015-06-04,1
0611,2015-06-04,1
4101,2015-06-04,1
5303,2015-06-04,1
1226,2015-06-04,1
5308,2015-06-04,1
3710,2015-06-04,1
7200,2015-06-04,1
4832,2015-06-04,1
2201,2015-06-04,1
3603,2015-06-04,1
1306,2015-06-04,1
4708,2015-06-04,1
3621,2015-06-04,1
1204,2015-06-04,1
3901,2015-06-04,1
0406,2015-06-04,1
3602,2015-06-04,1
3707,2015-06-04,1
3102,2015-06-04,1
1602,2015-06-04,1
4902,2015-06-04,1
0639,2015-06-04,1
4104,2015-06-04,1
0502,2015-06-04,1
3000,2015-06-04,1
4202,2015-06-04,1
2004,2015-06-04,1
4102,2015-06-04,1
2803,2015-06-04,1
3605,2015-06-04,1
2906,2015-06-04,1
1218,2015-06-04,1
1903,2015-06-04,1
4207,2015-06-04,1
1213,2015-06-04,1
1715,2015-06-04,1
1221,2015-06-04,1
2903,2015-06-04,1
4709,2015-06-04,1
5106,2015-06-04,1
2205,2015-06-04,1
2706,2015-06-04,1
1217,2015-06-04,1
0614,2015-06-04,1
1308,2015-06-04,1
3402,2015-06-04,1
2804,2015-06-04,1
5105,2015-06-04,1
4201,2015-06-04,1
1718,2015-06-04,1
1215,2015-06-04,1
5508,2015-06-04,1
3411,2015-06-04,1
2704,2015-06-04,1
0803,2015-06-04,1
4204,2015-06-04,1
3709,2015-06-04,1
5102,2015-06-04,1
5307,2015-06-04,1
0608,2015-06-04,1
4210,2015-06-04,1
2302,2015-06-04,1
3601,2015-06-04,1
4705,2015-06-04,1
4507,2015-06-04,1
3611,2015-06-04,1
4217,2015-06-04,1
1712,2015-06-04,1
0200,2015-06-04,1
3607,2015-06-04,1
0625,2015-06-04,1
0620,2015-06-04,1
2604,2015-06-04,1
4812,2015-06-04,1
0621,2015-06-04,1
0605,2015-06-04,1
1302,2015-06-04,1
1209,2015-06-04,1
2702,2015-06-04,1
0644,2015-06-04,1
2206,2015-06-04,1
4903,2015-06-04,1
2002,2015-06-04,1
3302,2015-06-04,1
4825,2015-06-04,1
2202,2015-06-04,1
3204,2015-06-04,1
3401,2015-06-04,1
0905,2016-06-08,1
3620,2016-06-08,1
2613,2015-02-03,1
2505,2015-02-03,1
2407,2015-02-03,1
4214,2015-02-03,1
2404,2015-02-03,1
2705,2015-02-03,1
3609,2015-02-03,1
0620,2015-02-03,1
4809,2015-02-03,1
0403,2015-02-03,1
1220,2015-02-03,1
0617,2015-02-03,1
1304,2015-02-03,1
0613,2015-02-03,1
1305,2015-02-03,1
5307,2015-02-03,1
3610,2015-02-03,1
2708,2015-02-03,1
5502,2015-02-03,1
1701,2015-02-03,1
1709,2015-02-03,1
3909,2015-02-03,1
0611,2015-02-03,1
5103,2015-02-03,1
0641,2015-02-03,1
3620,2015-02-03,1
5000,2015-02-03,1
2301,2015-02-03,1
1224,2015-02-03,1
2103,2015-02-03,1
4709,2015-02-03,1
3616,2015-02-03,1
3615,2015-02-03,1
0640,2015-02-03,1
4217,2015-02-03,1
1704,2015-02-03,1
3608,2015-02-03,1
4506,2015-02-03,1
4201,2015-02-03,1
0602,2015-02-03,1
4818,2015-02-03,1
5504,2015-02-03,1
3613,2015-02-03,1
0637,2015-02-03,1
4202,2015-02-03,1
0619,2015-02-03,1
3903,2015-02-03,1
0633,2015-02-03,1
0627,2015-02-03,1
2614,2015-02-03,1
2901,2015-02-03,1
2502,2015-02-03,1
3712,2015-02-03,1
0609,2015-02-03,1
0632,2015-02-03,1
0647,2015-02-03,1
2905,2015-02-03,1
1702,2015-02-03,1
1707,2015-02-03,1
3913,2015-02-03,1
3412,2015-02-03,1
3612,2015-02-03,1
3619,2015-06-12,1
0605,2015-06-12,1
4103,2015-06-12,1
0628,2015-06-12,1
0618,2015-06-12,1
2301,2015-06-12,1
0602,2015-06-12,1
0619,2015-06-12,1
0626,2015-06-12,1
0620,2015-06-12,1
5111,2015-06-12,1
1709,2015-06-12,1
2701,2015-06-12,1
0647,2015-06-12,1
0627,2015-06-12,1
0606,2015-06-12,1
1220,2015-06-12,1
1313,2015-06-12,1
3913,2015-06-12,1
3102,2015-06-12,1
5502,2015-06-12,1
0401,2015-06-12,1
3302,2015-06-12,1
4104,2015-06-12,1
3101,2015-06-12,1
0640,2015-06-12,1
3624,2015-06-12,1
2707,2015-06-12,1
0633,2015-06-12,1
0611,2015-06-12,1
0615,2015-06-12,1
2614,2015-06-12,1
0636,2015-06-12,1
0632,2015-06-12,1
4217,2015-06-12,1
2708,2015-06-12,1
0403,2015-06-12,1
4835,2015-06-12,1
5306,2015-06-12,1
3903,2015-06-12,1
3203,2015-06-12,1
3611,2015-06-12,1
3621,2015-06-12,1
4401,2015-06-12,1
3602,2015-06-12,1
0608,2015-06-12,1
0631,2015-06-12,1
3622,2015-06-12,1
0903,2015-06-12,1
3627,2015-06-12,1
1715,2015-06-12,1
0806,2015-06-12,1
5503,2015-06-12,1
2302,2015-06-12,1
0617,2015-06-12,1
2613,2017-01-24,1
0602,2017-01-24,1
0613,2017-01-24,1
2505,2017-01-24,1
2901,2017-01-24,1
4506,2017-01-24,1
4709,2017-01-24,1
2407,2017-01-24,1
2705,2017-01-24,1
3616,2017-01-24,1
0403,2017-01-24,1
4818,2017-01-24,1
0633,2017-01-24,1
5502,2017-01-24,1
0640,2017-01-24,1
3913,2017-01-24,1
5103,2017-01-24,1
3615,2017-01-24,1
0641,2017-01-24,1
3909,2017-01-24,1
3608,2017-01-24,1
1305,2017-01-24,1
3620,2017-01-24,1
2802,2017-01-24,1
1709,2017-01-24,1
3412,2017-01-24,1
5000,2017-01-24,1
0632,2017-01-24,1
4201,2017-01-24,1
4217,2017-01-24,1
2301,2017-01-24,1
2614,2017-01-24,1
0603,2017-01-24,1
0619,2017-01-24,1
4103,2017-01-24,1
1702,2017-01-24,1
3609,2017-01-24,1
2708,2017-01-24,1
2905,2017-01-24,1
1220,2017-01-24,1
0627,2017-01-24,1
2502,2017-01-24,1
1304,2017-01-24,1
3610,2017-01-24,1
5307,2017-01-24,1
4214,2017-01-24,1
3712,2017-01-24,1
3903,2017-01-24,1
4809,2017-01-24,1
0611,2017-01-24,1
5504,2017-01-24,1
1704,2017-01-24,1
2103,2017-01-24,1
1707,2017-01-24,1
1701,2017-01-24,1
3625,2017-01-24,1
0647,2017-01-24,1
2408,2017-01-24,1
0617,2017-01-24,1
0614,2017-01-24,1
4202,2017-01-24,1
2507,2017-01-24,1
3701,2017-01-24,1
3911,2017-01-24,1
0637,2017-01-24,1
0618,2017-01-24,1
3626,2017-01-24,1
4101,2017-01-24,1
3605,2017-01-24,1
3612,2017-01-24,1
3613,2017-01-24,1
0644,2017-01-24,1
3607,2017-01-24,1
3410,2017-01-24,1
1224,2017-01-24,1
1502,2017-01-24,1
4104,2017-01-24,1
1214,2017-01-24,1
4829,2017-01-24,1
3704,2017-01-24,1
4401,2017-01-24,1
0620,2017-01-24,1
2404,2017-01-24,1
1807,2017-01-24,1
2403,2017-01-24,1
3201,2017-01-24,1
3606,2017-01-24,1
0646,2017-01-24,1
0801,2017-01-24,1
0609,2017-01-24,1
2612,2017-01-24,1
0407,2017-01-24,1
1902,2017-01-24,1
0802,2017-01-24,1
6900,2017-01-24,1
0807,2017-01-24,1
4815,2017-01-24,1
5309,2017-01-24,1
0638,2017-01-24,1
4213,2017-01-24,1
1205,2017-01-24,1
0615,2017-01-24,1
4705,2017-01-24,1
0605,2017-01-24,1
0643,2017-01-24,1
1209,2017-01-24,1
0606,2017-01-24,1
1801,2017-01-24,1
3408,2017-01-24,1
1221,2017-01-24,1
3614,2017-01-24,1
4833,2017-01-24,1
0628,2017-01-24,1
3617,2017-01-24,1
1302,2017-01-24,1
0634,2017-01-24,1
0630,2017-01-24,1
4834,2017-01-24,1
4402,2017-01-24,1
5108,2017-01-24,1
1222,2017-01-24,1
3401,2017-01-24,1
4830,2017-01-24,1
2613,2017-01-24,1
4806,2017-07-20,1
1214,2017-07-20,1
4829,2017-07-20,1
0618,2017-07-20,1
5308,2017-07-20,1
5303,2017-07-20,1
2902,2017-07-20,1
4207,2017-07-20,1
0608,2017-07-20,1
2908,2017-07-20,1
4810,2017-07-20,1
1212,2017-07-20,1
4216,2017-07-20,1
2613,2017-07-20,1
4205,2017-07-20,1
1711,2017-07-20,1
0629,2017-07-20,1
0803,2017-07-20,1
4506,2017-07-20,1
0640,2017-07-20,1
2901,2017-07-20,1
0632,2017-07-20,1
0603,2017-07-20,1
3616,2017-07-20,1
2102,2017-07-20,1
4103,2017-07-20,1
2505,2017-07-20,1
0639,2017-07-20,1
3913,2017-07-20,1
1204,2017-07-20,1
0408,2017-07-20,1
2903,2017-07-20,1
5304,2017-07-20,1
1305,2017-07-20,1
5310,2017-07-20,1
1205,2017-07-20,1
3626,2017-07-20,1
3611,2017-07-20,1
1703,2017-07-20,1
1802,2017-07-20,1
0806,2017-07-20,1
2906,2017-07-20,1
0619,2017-07-20,1
0621,2017-07-20,1
3618,2017-07-20,1
0901,2017-07-20,1
5306,2017-07-20,1
4213,2017-07-20,1
3619,2017-07-20,1
0615,2017-07-20,1
3602,2017-07-20,1
0652,2017-07-20,1
4832,2017-07-20,1
0801,2017-07-20,1
4505,2017-07-20,1
0804,2017-07-20,1
1209,2017-07-20,1
1207,2017-07-20,1
2703,2017-07-20,1
4502,2017-07-20,1
2408,2017-07-20,1
5502,2017-07-20,1
2402,2017-07-20,1
3604,2017-07-20,1
1215,2017-07-20,1
3102,2017-07-20,1
4812,2017-07-20,1
1602,2017-07-20,1
4822,2017-07-20,1
0807,2017-07-20,1
5309,2017-07-20,1
2907,2017-07-20,1
0502,2017-07-20,1
0905,2017-07-20,1
2607,2017-07-20,1
4709,2017-07-20,1
4708,2017-07-20,1
3609,2017-07-20,1
1301,2017-07-20,1
2504,2017-07-20,1
3905,2017-07-20,1
3407,2017-07-20,1
4823,2017-07-20,1
3713,2017-07-20,1
2803,2017-07-20,1
0902,2017-07-20,1
3902,2017-07-20,1
3910,2017-07-20,1
3914,2017-07-20,1
4206,2017-07-20,1
1903,2017-07-20,1
1701,2017-07-20,1
4825,2017-07-20,1
4507,2017-07-20,1
1224,2017-07-20,1
4820,2017-07-20,1
2905,2017-07-20,1
2003,2017-07-20,1
2301,2017-07-20,1
2904,2017-07-20,1
1709,2017-07-20,1
0606,2017-07-20,1
4002,2017-07-20,1
3101,2017-07-20,1
2001,2017-07-20,1
0610,2017-07-20,1
4102,2017-07-20,1
1805,2017-07-20,1
2002,2017-07-20,1
0642,2017-07-20,1
1716,2017-07-20,1
0904,2017-07-20,1
1712,2017-07-20,1
1708,2017-07-20,1
1222,2017-07-20,1
3901,2017-07-20,1
1718,2017-07-20,1
0601,2017-07-20,1
3402,2017-07-20,1
4821,2017-07-20,1
4817,2017-07-20,1
5305,2017-07-20,1
2106,2017-07-20,1
5104,2017-07-20,1
1707,2017-07-20,1
4208,2017-07-20,1
2502,2017-07-20,1
0408,2017-07-20,1
1705,2017-07-20,1
5302,2017-07-20,1
0614,2017-07-20,1
1704,2017-07-20,1
3904,2017-03-08,1
3711,2017-03-08,1
4827,2017-03-08,1
5105,2017-03-08,1
0804,2017-03-08,1
1803,2017-03-08,1
1806,2017-03-08,1
1601,2017-03-08,1
4102,2018-06-13,1
3406,2018-06-13,1
4808,2018-06-13,1
2501,2018-06-13,1
4701,2018-06-13,1
4209,2018-06-13,1
3705,2018-06-13,1
5106,2018-06-13,1
2701,2018-06-13,1
4104,2018-06-13,1
4826,2018-06-13,1
3302,2018-06-13,1
4832,2018-06-13,1
2102,2018-06-13,1
3403,2018-06-13,1
3915,2018-06-13,1
2505,2017-12-19,1
2505,2017-09-27,1
5502,2017-09-27,1
3624,2018-07-26,1
0632,2018-07-26,1
0647,2018-07-26,1
3412,2018-07-26,1
0626,2017-01-03,1
2701,2017-01-03,1
3302,2017-01-03,1
3604,2017-01-03,1
0641,2017-01-03,1
3626,2017-01-03,1
2203,2017-01-03,1
4816,2017-01-03,1
4815,2017-01-03,1
4834,2017-01-03,1
4709,2017-01-03,1
4104,2017-01-03,1
3607,2017-01-03,1
3903,2017-01-03,1
5503,2017-01-03,1
0606,2018-04-24,1
0629,2018-04-24,1
3906,2018-04-24,1
5109,2018-04-24,1
0605,2018-04-24,1
4102,2018-04-24,1
2610,2018-04-24,1
1712,2018-04-24,1
2504,2017-07-12,1
0632,2017-07-12,1
1702,2017-07-12,1
3503,2017-07-12,1
3620,2017-07-12,1
1701,2017-07-12,1
0644,2017-07-12,1
4709,2017-07-12,1
3616,2017-07-12,1
0617,2017-07-12,1
0606,2017-07-12,1
2505,2017-07-12,1
4207,2017-07-12,1
2503,2017-07-12,1
1209,2017-07-12,1
3913,2017-07-12,1
3407,2017-07-12,1
0611,2017-07-12,1
3618,2017-07-12,1
3301,2017-07-12,1
4102,2017-07-12,1
2610,2017-07-12,1
2501,2018-05-11,1
3713,2018-05-11,1
4217,2018-05-11,1
5102,2018-05-11,1
1802,2018-06-14,1
0627,2018-06-14,1
4600,2018-06-14,1
4824,2018-06-14,1
0638,2018-06-14,1
4103,2018-06-14,1
4212,2018-06-14,1
1706,2018-06-14,1
3403,2018-06-14,1
1707,2018-06-14,1
3624,2017-06-23,1
0605,2017-06-23,1
3621,2017-06-23,1
0619,2017-06-23,1
2408,2017-06-23,1
2901,2017-06-23,1
0626,2017-06-23,1
0632,2017-06-23,1
0631,2017-06-23,1
3619,2017-06-23,1
1903,2017-06-23,1
0803,2017-06-23,1
4104,2017-06-23,1
5110,2017-06-23,1
3611,2017-06-23,1
0407,2017-06-23,1
0633,2017-06-23,1
3903,2017-06-23,1
4103,2017-06-23,1
3204,2017-06-23,1
0618,2017-06-23,1
3101,2017-06-23,1
0647,2017-06-23,1
0627,2017-06-23,1
3913,2017-06-23,1
2707,2017-06-23,1
5111,2017-06-23,1
1204,2017-06-23,1
0905,2017-06-23,1
2701,2017-06-23,1
2301,2017-06-23,1
3301,2017-06-23,1
2506,2017-06-23,1
4002,2017-06-23,1
1715,2017-06-23,1
0807,2017-06-23,1
5307,2017-06-23,1
2302,2017-06-23,1
0903,2017-06-23,1
4709,2017-06-23,1
0606,2017-06-23,1
0636,2017-06-23,1
2504,2017-06-23,1
3615,2017-06-23,1
1216,2017-06-23,1
3606,2017-06-23,1
6600,2017-06-23,1
0624,2017-06-23,1
3612,2017-06-23,1
3404,2017-06-23,1
0617,2017-06-23,1
1209,2017-06-23,1
3620,2017-06-23,1
1713,2017-06-23,1
2502,2017-06-23,1
4208,2017-06-23,1
0806,2017-06-23,1
0602,2017-06-23,1
5306,2017-06-23,1
3302,2017-06-23,1
0628,2017-06-23,1
3618,2017-06-23,1
1602,2017-06-23,1
5000,2017-06-23,1
5502,2017-06-23,1
3503,2017-06-23,1
2508,2017-06-23,1
2708,2017-06-23,1
0403,2017-06-23,1
5303,2017-06-23,1
4823,2017-06-23,1
1207,2017-06-23,1
7200,2017-06-23,1
3905,2017-06-23,1
0636,2019-03-21,1
4105,2019-03-21,1
4002,2019-03-21,1
2606,2019-03-21,1
2612,2019-03-21,1
2102,2019-03-21,1
1214,2019-03-21,1
1212,2019-03-21,1
4803,2019-03-21,1
5103,2019-10-15,1
0653,2019-10-15,1
0403,2019-10-15,1
0902,2019-10-15,1
3911,2019-10-15,1
6900,2019-10-15,1
1224,2019-10-15,1
4101,2019-10-15,1
0641,2019-10-15,1
3712,2019-10-15,1
0611,2019-10-15,1
3401,2019-10-15,1
5307,2019-10-15,1
3625,2019-10-15,1
4207,2019-10-15,1
0610,2019-10-15,1
5308,2019-10-15,1
0905,2019-10-15,1
1227,2019-10-15,1
2609,2019-10-15,1
2705,2019-10-15,1
2406,2019-10-15,1
3203,2019-10-15,1
2503,2019-10-15,1
4820,2019-10-15,1
1705,2019-10-15,1
0802,2019-10-15,1
0603,2019-10-15,1
3613,2019-10-15,1
2502,2019-10-15,1
3606,2019-10-15,1
0628,2019-10-15,1
4105,2019-10-15,1
0617,2019-10-15,1
0637,2019-10-15,1
0605,2019-10-15,1
3407,2019-10-15,1
6600,2019-10-15,1
1707,2019-10-15,1
0107,2019-10-15,1
0615,2019-10-15,1
0613,2019-10-15,1
4402,2019-10-15,1
1807,2019-10-15,1
0632,2019-10-15,1
4401,2019-10-15,1
4205,2019-10-15,1
3410,2019-10-15,1
3903,2019-10-15,1
1222,2019-10-15,1
1214,2019-10-15,1
3626,2019-10-15,1
3501,2019-10-15,1
0620,2019-10-15,1
0627,2019-10-15,1
0644,2019-10-15,1
1704,2019-10-15,1
3412,2019-10-15,1
4834,2019-10-15,1
3618,2019-10-15,1
0647,2019-10-15,1
2611,2019-10-15,1
1305,2019-10-15,1
2202,2019-10-15,1
0602,2019-10-15,1
2612,2019-10-15,1
2509,2019-10-15,1
1209,2019-10-15,1
5504,2019-10-15,1
3913,2019-10-15,1
2504,2019-10-15,1
0618,2019-10-15,1
0643,2019-10-15,1
0624,2019-10-15,1
3704,2019-10-15,1
4103,2019-10-15,1
3301,2019-10-15,1
0626,2019-10-15,1
0639,2019-10-15,1
4213,2019-10-15,1
4829,2019-10-15,1
2408,2019-10-15,1
0407,2019-10-15,1
2905,2019-10-15,1
1706,2019-10-15,1
3408,2019-10-15,1
1213,2019-10-15,1
2614,2019-10-15,1
3609,2019-10-15,1
1223,2019-10-15,1
3409,2019-10-15,1
5301,2019-10-15,1
3610,2019-10-15,1
3615,2019-10-15,1
5502,2019-10-15,1
3603,2019-10-15,1
3616,2019-10-15,1
4104,2019-10-15,1
4204,2019-10-15,1
2505,2019-10-15,1
4830,2019-10-15,1
2608,2019-10-15,1
5102,2019-10-15,1
0634,2019-10-15,1
2605,2019-10-15,1
0649,2019-10-15,1
3204,2019-10-15,1
1302,2019-10-15,1
1714,2019-10-15,1
3302,2019-10-15,1
3403,2019-10-15,1
0807,2019-10-15,1
1709,2019-10-15,1
0638,2019-10-15,1
4217,2019-10-15,1
5309,2019-10-15,1
4818,2019-10-15,1
1205,2019-10-15,1
0648,2019-10-15,1
0640,2019-10-15,1
2508,2019-10-15,1
2802,2019-10-15,1
3612,2019-10-15,1
0806,2019-10-15,1
1313,2019-10-15,1
1701,2019-10-15,1
2103,2019-10-15,1
4833,2019-10-15,1
0629,2019-10-15,1
3608,2019-10-15,1
2702,2019-10-15,1
4709,2019-10-15,1
0633,2019-10-15,1
0630,2019-10-15,1
2704,2019-10-15,1
5110,2019-10-15,1
4828,2019-10-15,1
1306,2019-10-15,1
5111,2019-10-15,1
1304,2019-10-15,1
1717,2019-10-15,1
3607,2019-10-15,1
1702,2019-10-15,1
1708,2019-10-15,1
0619,2019-10-15,1
0651,2019-10-15,1
0621,2019-10-15,1
2506,2019-10-15,1
0801,2019-10-15,1
1711,2019-10-15,1
4835,2019-10-15,1
0401,2019-10-15,1
2501,2019-10-15,1
2003,2019-10-15,1
5104,2019-10-15,1
3701,2019-10-15,1
3411,2019-10-15,1
2602,2020-07-31,1
3620,2020-07-31,1
2501,2019-06-21,1
4808,2019-06-21,1
4005,2020-07-24,1
4004,2020-07-24,1
0606,2019-11-20,1
3906,2019-11-20,1
2406,2019-11-20,1
5502,2019-01-31,1
2505,2019-01-31,1
5402,2019-01-31,1
2614,2019-01-31,1
2001,2019-01-31,1
3401,2019-05-20,1
0902,2019-05-20,1
3302,2019-05-20,1
4208,2019-05-20,1
3913,2019-05-20,1
2704,2019-05-20,1
0648,2019-05-20,1
4005,2019-05-20,1
3403,2019-05-20,1
0645,2019-05-20,1
2406,2019-05-20,1
2703,2019-05-20,1
3620,2019-05-20,1
0403,2019-05-20,1
0653,2019-05-20,1
0629,2019-05-20,1
2609,2019-05-20,1
5502,2019-05-20,1
0611,2019-05-20,1
0636,2019-05-20,1
1702,2019-03-27,1
0801,2019-03-27,1
0637,2019-03-27,1
1709,2019-03-27,1
2504,2019-03-27,1
3302,2019-03-27,1
0613,2019-03-27,1
1701,2019-03-27,1
1000,2019-03-27,1
0653,2019-03-27,1
2408,2019-03-27,1
0631,2019-03-27,1
1223,2019-03-27,1
4103,2019-03-27,1
2704,2019-03-27,1
1224,2019-03-27,1
0617,2019-03-27,1
0647,2019-03-27,1
3410,2019-03-27,1
3903,2019-03-27,1
3609,2019-03-27,1
1705,2019-03-27,1
2612,2019-03-27,1
1707,2019-03-27,1
3606,2019-03-27,1
0107,2019-03-27,1
3612,2019-03-27,1
5504,2019-03-27,1
2614,2019-03-27,1
3712,2019-03-27,1
3412,2019-03-27,1
0614,2019-03-27,1
0640,2019-03-27,1
0903,2019-03-27,1
0648,2019-03-27,1
2609,2019-03-27,1
4818,2019-03-27,1
4207,2019-03-27,1
5310,2019-03-27,1
1226,2019-03-27,1
0611,2019-03-27,1
1220,2019-03-27,1
0403,2019-03-27,1
0615,2019-03-27,1
2507,2019-03-27,1
2705,2019-03-27,1
1214,2019-03-27,1
3615,2019-03-27,1
3402,2019-03-27,1
3607,2019-03-27,1
4709,2019-03-27,1
3604,2019-03-27,1
2402,2019-03-27,1
1717,2019-03-27,1
1306,2019-03-27,1
5104,2019-03-27,1
4833,2019-03-27,1
3605,2019-03-27,1
3701,2019-03-27,1
2905,2019-03-27,1
2202,2019-03-27,1
1305,2019-03-27,1
4830,2019-03-27,1
2003,2019-03-27,1
0401,2019-03-27,1
1710,2019-03-27,1
2404,2019-03-27,1
1801,2019-03-27,1
0605,2019-03-27,1
0630,2019-03-27,1
4104,2019-03-27,1
1213,2019-03-27,1
3501,2019-03-27,1
2502,2019-03-27,1
1502,2019-03-27,1
5103,2019-03-27,1
5308,2019-03-27,1
1807,2019-03-27,1
1313,2019-03-27,1
1714,2019-03-27,1
2301,2019-03-27,1
0602,2019-03-27,1
3704,2019-03-27,1
5110,2019-03-27,1
0649,2019-03-27,1
3411,2019-03-27,1
1706,2019-03-27,1
2407,2019-03-27,1
4214,2019-03-27,1
0644,2019-03-27,1
0629,2019-03-27,1
2403,2019-03-27,1
1209,2019-03-27,1
4204,2019-03-27,1
5302,2019-03-27,1
0607,2019-03-27,1
4005,2019-03-27,1
4205,2019-03-27,1
1711,2019-03-27,1
1704,2019-03-27,1
0636,2019-03-27,1
4815,2019-03-27,1
4101,2019-03-27,1
2613,2019-03-27,1
3625,2019-03-27,1
0645,2019-03-27,1
0905,2019-03-27,1
0806,2019-03-27,1
5301,2019-03-27,1
1305,2019-03-27,1
0905,2019-06-05,1
2206,2019-06-05,1
0606,2019-03-14,1
4002,2019-03-14,1
4103,2019-03-14,1
4101,2019-03-14,1
1807,2019-03-14,1
3609,2019-03-14,1
4004,2019-03-14,1
1713,2019-03-14,1
4104,2019-03-14,1
0611,2019-03-14,1
2612,2019-03-14,1
2706,2019-03-14,1
4208,2019-03-14,1
3405,2019-03-14,1
3626,2019-03-14,1
4005,2019-03-14,1
3624,2019-03-14,1
2504,2019-03-14,1
3602,2019-03-14,1
2903,2019-03-14,1
2508,2019-03-14,1
3618,2019-03-14,1
2704,2019-03-14,1
3606,2019-03-14,1
2707,2019-03-14,1
3604,2019-03-14,1
0640,2019-03-14,1
4105,2019-03-14,1
3615,2019-03-14,1
3408,2019-03-14,1
2708,2019-03-14,1
3621,2019-03-14,1
3620,2019-03-14,1
4207,2019-03-14,1
2506,2019-03-14,1
3605,2019-03-14,1
3409,2019-03-14,1
2705,2019-03-14,1
4205,2019-03-14,1
2702,2019-03-14,1
3401,2019-03-14,1
0619,2019-03-14,1
3627,2019-03-14,1
1214,2019-03-14,1
2907,2019-03-14,1
3412,2019-03-14,1
2611,2019-03-14,1
2606,2019-03-14,1
3201,2019-03-14,1
3404,2019-03-14,1
2505,2019-03-14,1
2703,2019-03-14,1
3402,2019-03-14,1
4402,2019-03-14,1
4001,2019-03-14,1
4818,2019-03-14,1
1709,2019-03-14,1
0648,2019-03-14,1
2103,2019-03-14,1
3625,2019-03-14,1
5306,2019-03-14,1
2609,2019-03-14,1
3203,2019-03-14,1
4205,2019-03-14,1
2502,2019-03-14,1
3411,2019-03-14,1
2701,2019-03-14,1
2509,2019-03-14,1
2908,2019-03-14,1
0407,2019-03-14,1
2406,2019-03-14,1
1714,2019-03-14,1
1801,2019-03-14,1
2906,2019-03-14,1
3410,2019-03-14,1
0602,2019-03-14,1
3613,2019-03-14,1
3607,2019-03-14,1
3603,2019-03-14,1
3202,2019-03-14,1
4206,2019-03-14,1
4401,2019-03-14,1
2402,2019-03-14,1
2401,2019-03-14,1
3403,2019-03-14,1
2408,2019-03-14,1
1901,2019-03-14,1
2605,2019-03-14,1
0901,2019-03-14,1
2608,2019-03-14,1
0610,2019-03-14,1
2901,2019-03-14,1
5401,2019-03-14,1
2614,2020-03-10,1
3620,2020-03-10,1
5502,2020-03-10,1
5301,2019-02-15,1
3623,2019-02-15,1
3103,2019-02-15,1
4829,2019-02-15,1
2302,2019-02-15,1
0107,2019-02-15,1
1904,2019-02-15,1
4203,2019-02-15,1
2702,2019-02-15,1
0648,2019-02-15,1
1901,2019-02-15,1
0406,2019-02-15,1
2002,2019-02-15,1
1802,2019-02-15,1
5303,2019-02-15,1
2408,2019-02-15,1
0904,2019-02-15,1
4207,2019-02-15,1
4005,2019-02-15,1
2904,2019-02-15,1
5306,2019-02-15,1
2903,2019-02-15,1
0611,2019-02-15,1
5308,2019-02-15,1
3203,2019-02-15,1
1303,2019-02-15,1
0610,2019-02-15,1
0619,2019-02-15,1
0602,2019-02-15,1
2406,2019-02-15,1
0503,2019-02-15,1
4001,2019-02-15,1
3625,2019-02-15,1
0644,2019-02-25,1
0632,2019-02-25,1
1209,2019-02-25,1
3708,2020-10-30,1
0623,2020-10-30,1
4102,2020-10-30,1
4808,2020-10-30,1
4812,2020-10-30,1
3902,2020-10-30,1
5401,2020-10-30,1
2102,2020-10-30,1
5305,2020-10-30,1
4822,2020-10-30,1
0406,2020-10-30,1
1301,2020-10-30,1
4802,2020-10-30,1
3912,2020-10-30,1
2606,2020-10-30,1
1212,2020-10-30,1
4826,2020-10-30,1
1204,2020-10-30,1
2504,2020-07-09,1
0645,2020-07-09,1
1212,2020-07-09,1
2606,2020-07-09,1
1209,2020-07-09,1
4208,2020-07-09,1
1214,2019-02-14,1
1212,2019-02-14,1
0618,2019-02-14,1
5303,2019-02-14,1
0802,2019-02-14,1
0801,2019-02-14,1
5310,2019-02-14,1
2506,2019-02-14,1
1716,2019-02-14,1
3902,2019-02-14,1
3910,2019-02-14,1
2903,2019-02-14,1
3901,2019-02-14,1
2301,2019-02-14,1
1204,2019-02-14,1
0806,2019-02-14,1
0502,2019-02-14,1
3713,2019-02-14,1
1718,2019-02-14,1
1802,2019-02-14,1
3618,2019-02-14,1
2902,2019-02-14,1
2408,2019-02-14,1
0601,2019-02-14,1
3913,2019-02-14,1
4810,2019-02-14,1
1712,2019-02-14,1
3619,2019-02-14,1
3905,2019-02-14,1
4817,2019-02-14,1
0408,2019-02-14,1
2901,2019-02-14,1
0641,2020-01-28,1
0626,2020-01-28,1
5306,2020-01-28,1
0605,2020-01-28,1
4207,2020-01-28,1
3407,2020-01-28,1
0615,2020-01-28,1
4816,2020-01-28,1
5102,2020-01-28,1
4104,2020-01-28,1
2504,2019-05-21,1
3620,2019-05-21,1
4214,2019-05-21,1
3609,2019-05-21,1
3616,2019-05-21,1
1209,2019-05-21,1
0629,2019-05-21,1
2612,2019-05-21,1
1214,2019-05-21,1
1221,2019-05-21,1
0806,2019-05-21,1
1709,2019-05-21,1
0611,2019-05-21,1
2408,2019-05-21,1
0606,2019-05-21,1
4818,2019-05-21,1
5000,2019-05-21,1
4103,2019-05-21,1
1714,2019-05-21,1
1000,2019-05-21,1
2406,2019-05-21,1
1701,2019-05-21,1
3302,2019-05-21,1
3909,2019-05-21,1
0644,2019-05-21,1
2403,2019-05-21,1
3701,2019-05-21,1
0905,2020-09-01,1
3913,2020-09-01,1
3625,2020-09-01,1
1302,2020-09-01,1
1701,2020-09-01,1
2905,2020-09-01,1
3911,2020-09-01,1
1807,2020-09-01,1
4207,2020-09-01,1
0401,2020-09-01,1
0613,2020-09-01,1
1209,2020-09-01,1
0629,2020-09-01,1
2614,2020-09-01,1
4833,2020-09-01,1
4816,2020-09-01,1
4709,2020-09-01,1
0616,2020-09-01,1
4206,2020-09-01,1
2406,2020-09-01,1
2404,2020-09-01,1
1313,2020-09-01,1
1717,2020-09-01,1
0901,2020-09-01,1
0902,2020-09-01,1
2505,2019-06-18,1
1701,2019-07-25,1
2902,2020-08-07,1
3912,2020-08-07,1
0905,2020-05-21,1
2505,2020-06-09,1
0503,2020-06-09,1
3617,2020-05-12,1
3616,2020-05-12,1
3612,2020-05-12,1
3610,2020-05-12,1
2501,2020-05-12,1
3406,2020-05-12,1
5103,2020-05-12,1
0641,2020-05-12,1
3607,2020-05-12,1
0643,2020-05-12,1
0403,2020-05-12,1
0619,2020-05-12,1
0903,2019-05-01,1
1709,2019-05-01,1
2504,2019-05-01,1
2901,2019-05-01,1
0403,2019-05-01,1
0624,2019-05-01,1
2503,2019-05-01,1
3913,2019-05-01,1
4818,2019-05-01,1
2802,2019-05-01,1
0640,2019-05-01,1
2704,2019-05-01,1
5504,2019-05-01,1
1701,2019-05-01,1
3626,2019-05-01,1
0617,2019-05-01,1
3704,2019-05-01,1
4835,2019-05-01,1
2103,2019-05-01,1
5000,2019-05-01,1
2605,2019-05-01,1
0619,2019-05-01,1
4205,2019-05-01,1
5108,2019-05-01,1
4809,2019-05-01,1
1212,2019-12-18,1
1209,2019-12-18,1
1000,2019-12-18,1
1217,2019-12-18,1
